{"mean":{"confidence_interval":{"confidence_level":0.95,"lower_bound":49.59266094208133,"upper_bound":49.66635773932668},"point_estimate":49.62821287872426,"standard_error":0.018606659544541635},"median":{"confidence_interval":{"confidence_level":0.95,"lower_bound":49.56964233735933,"upper_bound":49.66574094342957},"point_estimate":49.61050911280135,"standard_error":0.023224685749644664}}